-- MySQL dump 10.13  Distrib 8.0.39, for Linux (x86_64)
--
-- Host: localhost    Database: what-is-your-name_development
-- ------------------------------------------------------
-- Server version	8.0.39

/*!40101 SET @OLD_CHARACTER_SET_CLIENT=@@CHARACTER_SET_CLIENT */;
/*!40101 SET @OLD_CHARACTER_SET_RESULTS=@@CHARACTER_SET_RESULTS */;
/*!40101 SET @OLD_COLLATION_CONNECTION=@@COLLATION_CONNECTION */;
/*!50503 SET NAMES utf8mb4 */;
/*!40103 SET @OLD_TIME_ZONE=@@TIME_ZONE */;
/*!40103 SET TIME_ZONE='+00:00' */;
/*!40014 SET @OLD_UNIQUE_CHECKS=@@UNIQUE_CHECKS, UNIQUE_CHECKS=0 */;
/*!40014 SET @OLD_FOREIGN_KEY_CHECKS=@@FOREIGN_KEY_CHECKS, FOREIGN_KEY_CHECKS=0 */;
/*!40101 SET @OLD_SQL_MODE=@@SQL_MODE, SQL_MODE='NO_AUTO_VALUE_ON_ZERO' */;
/*!40111 SET @OLD_SQL_NOTES=@@SQL_NOTES, SQL_NOTES=0 */;

--
-- Table structure for table `ar_internal_metadata`
--

DROP TABLE IF EXISTS `ar_internal_metadata`;
/*!40101 SET @saved_cs_client     = @@character_set_client */;
/*!50503 SET character_set_client = utf8mb4 */;
CREATE TABLE `ar_internal_metadata` (
  `key` varchar(255) NOT NULL,
  `value` varchar(255) DEFAULT NULL,
  `created_at` datetime(6) NOT NULL,
  `updated_at` datetime(6) NOT NULL,
  PRIMARY KEY (`key`)
) ENGINE=InnoDB DEFAULT CHARSET=utf8mb4 COLLATE=utf8mb4_0900_ai_ci;
/*!40101 SET character_set_client = @saved_cs_client */;

--
-- Dumping data for table `ar_internal_metadata`
--

LOCK TABLES `ar_internal_metadata` WRITE;
/*!40000 ALTER TABLE `ar_internal_metadata` DISABLE KEYS */;
INSERT INTO `ar_internal_metadata` VALUES ('environment','development','2024-10-29 09:05:43.263114','2024-10-29 09:05:43.263120'),('schema_sha1','cc507e32dc001af0c4964a65c6c92c7e1de6f908','2024-10-29 09:05:43.276355','2024-10-29 09:05:43.276357');
/*!40000 ALTER TABLE `ar_internal_metadata` ENABLE KEYS */;
UNLOCK TABLES;

--
-- Table structure for table `hiragana_laos`
--

DROP TABLE IF EXISTS `hiragana_laos`;
/*!40101 SET @saved_cs_client     = @@character_set_client */;
/*!50503 SET character_set_client = utf8mb4 */;
CREATE TABLE `hiragana_laos` (
  `id` bigint NOT NULL AUTO_INCREMENT,
  `hiragana` varchar(255) DEFAULT NULL,
  `lao` varchar(255) DEFAULT NULL,
  `case_type` varchar(255) DEFAULT NULL,
  `created_at` datetime(6) NOT NULL,
  `updated_at` datetime(6) NOT NULL,
  `hiragana_id` bigint NOT NULL,
  `kana_type` varchar(255) DEFAULT NULL,
  PRIMARY KEY (`id`),
  KEY `index_hiragana_laos_on_hiragana_id` (`hiragana_id`),
  CONSTRAINT `fk_rails_b8d7f23d62` FOREIGN KEY (`hiragana_id`) REFERENCES `hiraganas` (`id`)
) ENGINE=InnoDB AUTO_INCREMENT=307 DEFAULT CHARSET=utf8mb3;
/*!40101 SET character_set_client = @saved_cs_client */;

--
-- Dumping data for table `hiragana_laos`
--

LOCK TABLES `hiragana_laos` WRITE;
/*!40000 ALTER TABLE `hiragana_laos` DISABLE KEYS */;
INSERT INTO `hiragana_laos` VALUES (1,NULL,'ອາ','normal','2024-10-29 09:05:45.848750','2024-10-29 09:05:45.848750',1,'general'),(2,NULL,'ອະ','short','2024-10-29 09:05:45.869958','2024-10-29 09:05:45.869958',1,'general'),(3,NULL,'ອັ','special_case','2024-10-29 09:05:45.887985','2024-10-29 09:05:45.887985',1,'general'),(4,NULL,'ອີ','normal','2024-10-29 09:05:45.908411','2024-10-29 09:05:45.908411',2,'general'),(5,NULL,'ອິ','short','2024-10-29 09:05:45.932879','2024-10-29 09:05:45.932879',2,'general'),(6,NULL,'ອິ','special_case','2024-10-29 09:05:45.955300','2024-10-29 09:05:45.955300',2,'general'),(7,NULL,'ອູ','normal','2024-10-29 09:05:45.977801','2024-10-29 09:05:45.977801',3,'general'),(8,NULL,'ອຸ','short','2024-10-29 09:05:46.001905','2024-10-29 09:05:46.001905',3,'general'),(9,NULL,'ອຸ','special_case','2024-10-29 09:05:46.021317','2024-10-29 09:05:46.021317',3,'general'),(10,NULL,'ເອ','normal','2024-10-29 09:05:46.042733','2024-10-29 09:05:46.042733',4,'general'),(11,NULL,'ເອະ','short','2024-10-29 09:05:46.067865','2024-10-29 09:05:46.067865',4,'general'),(12,NULL,'ເອັ','special_case','2024-10-29 09:05:46.087609','2024-10-29 09:05:46.087609',4,'general'),(13,NULL,'ໂອ','normal','2024-10-29 09:05:46.105701','2024-10-29 09:05:46.105701',5,'general'),(14,NULL,'ໂອະ','short','2024-10-29 09:05:46.125089','2024-10-29 09:05:46.125089',5,'general'),(15,NULL,'ອົ','special_case','2024-10-29 09:05:46.148662','2024-10-29 09:05:46.148662',5,'general'),(16,NULL,'ຄາ','normal','2024-10-29 09:05:46.174014','2024-10-29 09:05:46.174014',6,'general'),(17,NULL,'ຄະ','short','2024-10-29 09:05:46.197252','2024-10-29 09:05:46.197252',6,'general'),(18,NULL,'ຄັ','special_case','2024-10-29 09:05:46.216696','2024-10-29 09:05:46.216696',6,'general'),(19,NULL,'ຄີ','normal','2024-10-29 09:05:46.236461','2024-10-29 09:05:46.236461',7,'general'),(20,NULL,'ຄິ','short','2024-10-29 09:05:46.255682','2024-10-29 09:05:46.255682',7,'general'),(21,NULL,'ຄິ','special_case','2024-10-29 09:05:46.275022','2024-10-29 09:05:46.275022',7,'general'),(22,NULL,'ຄູ','normal','2024-10-29 09:05:46.302489','2024-10-29 09:05:46.302489',8,'general'),(23,NULL,'ຄຸ','short','2024-10-29 09:05:46.321188','2024-10-29 09:05:46.321188',8,'general'),(24,NULL,'ຄຸ','special_case','2024-10-29 09:05:46.344353','2024-10-29 09:05:46.344353',8,'general'),(25,NULL,'ເຄ','normal','2024-10-29 09:05:46.364154','2024-10-29 09:05:46.364154',9,'general'),(26,NULL,'ເຄະ','short','2024-10-29 09:05:46.385269','2024-10-29 09:05:46.385269',9,'general'),(27,NULL,'ເຄັ','special_case','2024-10-29 09:05:46.406620','2024-10-29 09:05:46.406620',9,'general'),(28,NULL,'ໂຄ','normal','2024-10-29 09:05:46.431360','2024-10-29 09:05:46.431360',10,'general'),(29,NULL,'ໂຄະ','short','2024-10-29 09:05:46.452764','2024-10-29 09:05:46.452764',10,'general'),(30,NULL,'ຄົ','special_case','2024-10-29 09:05:46.473908','2024-10-29 09:05:46.473908',10,'general'),(31,NULL,'ຊາ','normal','2024-10-29 09:05:46.496454','2024-10-29 09:05:46.496454',11,'general'),(32,NULL,'ຊະ','short','2024-10-29 09:05:46.518580','2024-10-29 09:05:46.518580',11,'general'),(33,NULL,'ຊັ','special_case','2024-10-29 09:05:46.540136','2024-10-29 09:05:46.540136',11,'general'),(34,NULL,'ຊີ','normal','2024-10-29 09:05:46.561441','2024-10-29 09:05:46.561441',12,'general'),(35,NULL,'ຊິ','short','2024-10-29 09:05:46.581949','2024-10-29 09:05:46.581949',12,'general'),(36,NULL,'ຊິ','special_case','2024-10-29 09:05:46.604805','2024-10-29 09:05:46.604805',12,'general'),(37,NULL,'ຊູ','normal','2024-10-29 09:05:46.625924','2024-10-29 09:05:46.625924',13,'general'),(38,NULL,'ຊຸ','short','2024-10-29 09:05:46.650775','2024-10-29 09:05:46.650775',13,'general'),(39,NULL,'ຊຸ','special_case','2024-10-29 09:05:46.674628','2024-10-29 09:05:46.674628',13,'general'),(40,NULL,'ເຊ','normal','2024-10-29 09:05:46.704849','2024-10-29 09:05:46.704849',14,'general'),(41,NULL,'ເຊະ','short','2024-10-29 09:05:46.731360','2024-10-29 09:05:46.731360',14,'general'),(42,NULL,'ເຊັ','special_case','2024-10-29 09:05:46.755248','2024-10-29 09:05:46.755248',14,'general'),(43,NULL,'ໂຊ','normal','2024-10-29 09:05:46.780804','2024-10-29 09:05:46.780804',15,'general'),(44,NULL,'ໂຊະ','short','2024-10-29 09:05:46.810091','2024-10-29 09:05:46.810091',15,'general'),(45,NULL,'ຊົ','special_case','2024-10-29 09:05:46.833356','2024-10-29 09:05:46.833356',15,'general'),(46,NULL,'ຕາ','normal','2024-10-29 09:05:46.853835','2024-10-29 09:05:46.853835',16,'general'),(47,NULL,'ຕະ','short','2024-10-29 09:05:46.875132','2024-10-29 09:05:46.875132',16,'general'),(48,NULL,'ຕັ','special_case','2024-10-29 09:05:46.895608','2024-10-29 09:05:46.895608',16,'general'),(49,NULL,'ຈີ','normal','2024-10-29 09:05:46.914739','2024-10-29 09:05:46.914739',17,'general'),(50,NULL,'ຈິ','short','2024-10-29 09:05:46.936117','2024-10-29 09:05:46.936117',17,'general'),(51,NULL,'ຈີ','special_case','2024-10-29 09:05:46.955513','2024-10-29 09:05:46.955513',17,'general'),(52,NULL,'ສູ','normal','2024-10-29 09:05:46.984357','2024-10-29 09:05:46.984357',18,'general'),(53,NULL,'ສຸ','short','2024-10-29 09:05:47.006898','2024-10-29 09:05:47.006898',18,'general'),(54,NULL,'ສຸ','special_case','2024-10-29 09:05:47.031519','2024-10-29 09:05:47.031519',18,'general'),(55,NULL,'ເຕ','normal','2024-10-29 09:05:47.056360','2024-10-29 09:05:47.056360',19,'general'),(56,NULL,'ເຕະ','short','2024-10-29 09:05:47.082864','2024-10-29 09:05:47.082864',19,'general'),(57,NULL,'ເຕັ','special_case','2024-10-29 09:05:47.107345','2024-10-29 09:05:47.107345',19,'general'),(58,NULL,'ໂຕ','normal','2024-10-29 09:05:47.137472','2024-10-29 09:05:47.137472',20,'general'),(59,NULL,'ໂຕະ','short','2024-10-29 09:05:47.161797','2024-10-29 09:05:47.161797',20,'general'),(60,NULL,'ຕົ','special_case','2024-10-29 09:05:47.183642','2024-10-29 09:05:47.183642',20,'general'),(61,NULL,'ນາ','normal','2024-10-29 09:05:47.205588','2024-10-29 09:05:47.205588',21,'general'),(62,NULL,'ນະ','short','2024-10-29 09:05:47.234854','2024-10-29 09:05:47.234854',21,'general'),(63,NULL,'ນັ','special_case','2024-10-29 09:05:47.264244','2024-10-29 09:05:47.264244',21,'general'),(64,NULL,'ນີ','normal','2024-10-29 09:05:47.287644','2024-10-29 09:05:47.287644',22,'general'),(65,NULL,'ນິ','short','2024-10-29 09:05:47.308163','2024-10-29 09:05:47.308163',22,'general'),(66,NULL,'ນິ','special_case','2024-10-29 09:05:47.333498','2024-10-29 09:05:47.333498',22,'general'),(67,NULL,'ນູ','normal','2024-10-29 09:05:47.355949','2024-10-29 09:05:47.355949',23,'general'),(68,NULL,'ນຸ','short','2024-10-29 09:05:47.381845','2024-10-29 09:05:47.381845',23,'general'),(69,NULL,'ນຸ','special_case','2024-10-29 09:05:47.406145','2024-10-29 09:05:47.406145',23,'general'),(70,NULL,'ເນ','normal','2024-10-29 09:05:47.436858','2024-10-29 09:05:47.436858',24,'general'),(71,NULL,'ເນະ','short','2024-10-29 09:05:47.456083','2024-10-29 09:05:47.456083',24,'general'),(72,NULL,'ເນັ','special_case','2024-10-29 09:05:47.478922','2024-10-29 09:05:47.478922',24,'general'),(73,NULL,'ໂນ','normal','2024-10-29 09:05:47.500402','2024-10-29 09:05:47.500402',25,'general'),(74,NULL,'ໂນະ','short','2024-10-29 09:05:47.521546','2024-10-29 09:05:47.521546',25,'general'),(75,NULL,'ນົ','special_case','2024-10-29 09:05:47.543909','2024-10-29 09:05:47.543909',25,'general'),(76,NULL,'ຮາ','normal','2024-10-29 09:05:47.564035','2024-10-29 09:05:47.564035',26,'general'),(77,NULL,'ຮະ','short','2024-10-29 09:05:47.587054','2024-10-29 09:05:47.587054',26,'general'),(78,NULL,'ຮັ','special_case','2024-10-29 09:05:47.605742','2024-10-29 09:05:47.605742',26,'general'),(79,NULL,'ຮີ','normal','2024-10-29 09:05:47.630208','2024-10-29 09:05:47.630208',27,'general'),(80,NULL,'ຮິ','short','2024-10-29 09:05:47.650346','2024-10-29 09:05:47.650346',27,'general'),(81,NULL,'ຮິ','special_case','2024-10-29 09:05:47.674572','2024-10-29 09:05:47.674572',27,'general'),(82,NULL,'ຟູ','normal','2024-10-29 09:05:47.699450','2024-10-29 09:05:47.699450',28,'general'),(83,NULL,'ຟຸ','short','2024-10-29 09:05:47.721729','2024-10-29 09:05:47.721729',28,'general'),(84,NULL,'ຟຸ','special_case','2024-10-29 09:05:47.742828','2024-10-29 09:05:47.742828',28,'general'),(85,NULL,'ເຮ','normal','2024-10-29 09:05:47.763047','2024-10-29 09:05:47.763047',29,'general'),(86,NULL,'ເຮະ','short','2024-10-29 09:05:47.783739','2024-10-29 09:05:47.783739',29,'general'),(87,NULL,'ເຮັ','special_case','2024-10-29 09:05:47.803472','2024-10-29 09:05:47.803472',29,'general'),(88,NULL,'ໂຮ','normal','2024-10-29 09:05:47.826330','2024-10-29 09:05:47.826330',30,'general'),(89,NULL,'ໂຮະ','short','2024-10-29 09:05:47.847868','2024-10-29 09:05:47.847868',30,'general'),(90,NULL,'ຮົ','special_case','2024-10-29 09:05:47.867653','2024-10-29 09:05:47.867653',30,'general'),(91,NULL,'ມາ','normal','2024-10-29 09:05:47.887560','2024-10-29 09:05:47.887560',31,'general'),(92,NULL,'ມະ','short','2024-10-29 09:05:47.906829','2024-10-29 09:05:47.906829',31,'general'),(93,NULL,'ມັ','special_case','2024-10-29 09:05:47.929838','2024-10-29 09:05:47.929838',31,'general'),(94,NULL,'ມີ','normal','2024-10-29 09:05:47.951314','2024-10-29 09:05:47.951314',32,'general'),(95,NULL,'ມິ','short','2024-10-29 09:05:47.970477','2024-10-29 09:05:47.970477',32,'general'),(96,NULL,'ມິ','special_case','2024-10-29 09:05:47.991040','2024-10-29 09:05:47.991040',32,'general'),(97,NULL,'ມູ','normal','2024-10-29 09:05:48.014367','2024-10-29 09:05:48.014367',33,'general'),(98,NULL,'ມຸ','short','2024-10-29 09:05:48.038493','2024-10-29 09:05:48.038493',33,'general'),(99,NULL,'ມຸ','special_case','2024-10-29 09:05:48.058536','2024-10-29 09:05:48.058536',33,'general'),(100,NULL,'ເມ','normal','2024-10-29 09:05:48.081711','2024-10-29 09:05:48.081711',34,'general'),(101,NULL,'ເມະ','short','2024-10-29 09:05:48.104196','2024-10-29 09:05:48.104196',34,'general'),(102,NULL,'ເມັ','special_case','2024-10-29 09:05:48.125866','2024-10-29 09:05:48.125866',34,'general'),(103,NULL,'ໂມ','normal','2024-10-29 09:05:48.147644','2024-10-29 09:05:48.147644',35,'general'),(104,NULL,'ໂມະ','short','2024-10-29 09:05:48.170481','2024-10-29 09:05:48.170481',35,'general'),(105,NULL,'ມົ','special_case','2024-10-29 09:05:48.190880','2024-10-29 09:05:48.190880',35,'general'),(106,NULL,'ຢາ','normal','2024-10-29 09:05:48.211641','2024-10-29 09:05:48.211641',36,'general'),(107,NULL,'ຢະ','short','2024-10-29 09:05:48.232963','2024-10-29 09:05:48.232963',36,'general'),(108,NULL,'ຢັ','special_case','2024-10-29 09:05:48.253385','2024-10-29 09:05:48.253385',36,'general'),(109,NULL,'ຢູ','normal','2024-10-29 09:05:48.272833','2024-10-29 09:05:48.272833',37,'general'),(110,NULL,'ຢຸ','short','2024-10-29 09:05:48.298431','2024-10-29 09:05:48.298431',37,'general'),(111,NULL,'ຢຸ','special_case','2024-10-29 09:05:48.320359','2024-10-29 09:05:48.320359',37,'general'),(112,NULL,'ໂຢ','normal','2024-10-29 09:05:48.339557','2024-10-29 09:05:48.339557',38,'general'),(113,NULL,'ໂຢະ','short','2024-10-29 09:05:48.358821','2024-10-29 09:05:48.358821',38,'general'),(114,NULL,'ຢົ','special_case','2024-10-29 09:05:48.380883','2024-10-29 09:05:48.380883',38,'general'),(115,NULL,'ລາ','normal','2024-10-29 09:05:48.400732','2024-10-29 09:05:48.400732',39,'general'),(116,NULL,'ລະ','short','2024-10-29 09:05:48.423215','2024-10-29 09:05:48.423215',39,'general'),(117,NULL,'ລັ','special_case','2024-10-29 09:05:48.450113','2024-10-29 09:05:48.450113',39,'general'),(118,NULL,'ລີ','normal','2024-10-29 09:05:48.470224','2024-10-29 09:05:48.470224',40,'general'),(119,NULL,'ລິ','short','2024-10-29 09:05:48.489782','2024-10-29 09:05:48.489782',40,'general'),(120,NULL,'ລິ','special_case','2024-10-29 09:05:48.514631','2024-10-29 09:05:48.514631',40,'general'),(121,NULL,'ລູ','normal','2024-10-29 09:05:48.536015','2024-10-29 09:05:48.536015',41,'general'),(122,NULL,'ລຸ','short','2024-10-29 09:05:48.564230','2024-10-29 09:05:48.564230',41,'general'),(123,NULL,'ລຸ','special_case','2024-10-29 09:05:48.587885','2024-10-29 09:05:48.587885',41,'general'),(124,NULL,'ເລ','normal','2024-10-29 09:05:48.607057','2024-10-29 09:05:48.607057',42,'general'),(125,NULL,'ເລະ','short','2024-10-29 09:05:48.627852','2024-10-29 09:05:48.627852',42,'general'),(126,NULL,'ເລັ','special_case','2024-10-29 09:05:48.648720','2024-10-29 09:05:48.648720',42,'general'),(127,NULL,'ໂລ','normal','2024-10-29 09:05:48.668278','2024-10-29 09:05:48.668278',43,'general'),(128,NULL,'ໂລະ','short','2024-10-29 09:05:48.690977','2024-10-29 09:05:48.690977',43,'general'),(129,NULL,'ລົ','special_case','2024-10-29 09:05:48.718735','2024-10-29 09:05:48.718735',43,'general'),(130,NULL,'ວາ','normal','2024-10-29 09:05:48.741542','2024-10-29 09:05:48.741542',44,'general'),(131,NULL,'ວະ','short','2024-10-29 09:05:48.765002','2024-10-29 09:05:48.765002',44,'general'),(132,NULL,'ວັ','special_case','2024-10-29 09:05:48.789688','2024-10-29 09:05:48.789688',44,'general'),(133,NULL,'ໂວ','normal','2024-10-29 09:05:48.814372','2024-10-29 09:05:48.814372',45,'general'),(134,NULL,'ໂວະ','short','2024-10-29 09:05:48.836429','2024-10-29 09:05:48.836429',45,'general'),(135,NULL,'ວົ','special_case','2024-10-29 09:05:48.856415','2024-10-29 09:05:48.856415',45,'general'),(136,NULL,'ນ','normal','2024-10-29 09:05:48.878895','2024-10-29 09:05:48.878895',46,'general'),(137,NULL,'ນ','short','2024-10-29 09:05:48.898565','2024-10-29 09:05:48.898565',46,'general'),(138,NULL,'ນ','special_case','2024-10-29 09:05:48.920121','2024-10-29 09:05:48.920121',46,'general'),(139,NULL,'ກາ','normal','2024-10-29 09:05:48.945406','2024-10-29 09:05:48.945406',47,'voice'),(140,NULL,'ກະ','short','2024-10-29 09:05:48.967330','2024-10-29 09:05:48.967330',47,'voice'),(141,NULL,'ກັ','special_case','2024-10-29 09:05:48.989404','2024-10-29 09:05:48.989404',47,'voice'),(142,NULL,'ກິ','normal','2024-10-29 09:05:49.009558','2024-10-29 09:05:49.009558',48,'voice'),(143,NULL,'ກິ','short','2024-10-29 09:05:49.030426','2024-10-29 09:05:49.030426',48,'voice'),(144,NULL,'ກິ','special_case','2024-10-29 09:05:49.051012','2024-10-29 09:05:49.051012',48,'voice'),(145,NULL,'ກູ','normal','2024-10-29 09:05:49.070474','2024-10-29 09:05:49.070474',49,'voice'),(146,NULL,'ກຸ','short','2024-10-29 09:05:49.093859','2024-10-29 09:05:49.093859',49,'voice'),(147,NULL,'ກຸ','special_case','2024-10-29 09:05:49.117362','2024-10-29 09:05:49.117362',49,'voice'),(148,NULL,'ເກ','normal','2024-10-29 09:05:49.138052','2024-10-29 09:05:49.138052',50,'voice'),(149,NULL,'ເກະ','short','2024-10-29 09:05:49.159533','2024-10-29 09:05:49.159533',50,'voice'),(150,NULL,'ເກັ','special_case','2024-10-29 09:05:49.180040','2024-10-29 09:05:49.180040',50,'voice'),(151,NULL,'ໂກ','normal','2024-10-29 09:05:49.201184','2024-10-29 09:05:49.201184',51,'voice'),(152,NULL,'ໂກະ','short','2024-10-29 09:05:49.223215','2024-10-29 09:05:49.223215',51,'voice'),(153,NULL,'ກົ','special_case','2024-10-29 09:05:49.242279','2024-10-29 09:05:49.242279',51,'voice'),(154,NULL,'ຊາ','normal','2024-10-29 09:05:49.267245','2024-10-29 09:05:49.267245',52,'voice'),(155,NULL,'ຊະ','short','2024-10-29 09:05:49.286245','2024-10-29 09:05:49.286245',52,'voice'),(156,NULL,'ຊັ','special_case','2024-10-29 09:05:49.305341','2024-10-29 09:05:49.305341',52,'voice'),(157,NULL,'ຈີ','normal','2024-10-29 09:05:49.329919','2024-10-29 09:05:49.329919',53,'voice'),(158,NULL,'ຈິ','short','2024-10-29 09:05:49.355328','2024-10-29 09:05:49.355328',53,'voice'),(159,NULL,'ຈິ','special_case','2024-10-29 09:05:49.374202','2024-10-29 09:05:49.374202',53,'voice'),(160,NULL,'ຊູ','normal','2024-10-29 09:05:49.397137','2024-10-29 09:05:49.397137',54,'voice'),(161,NULL,'ຊຸ','short','2024-10-29 09:05:49.417258','2024-10-29 09:05:49.417258',54,'voice'),(162,NULL,'ຊຸ','special_case','2024-10-29 09:05:49.436235','2024-10-29 09:05:49.436235',54,'voice'),(163,NULL,'ເຊ','normal','2024-10-29 09:05:49.459963','2024-10-29 09:05:49.459963',55,'voice'),(164,NULL,'ເຊະ','short','2024-10-29 09:05:49.481534','2024-10-29 09:05:49.481534',55,'voice'),(165,NULL,'ເຊັ','special_case','2024-10-29 09:05:49.502017','2024-10-29 09:05:49.502017',55,'voice'),(166,NULL,'ໂຊ','normal','2024-10-29 09:05:49.524091','2024-10-29 09:05:49.524091',56,'voice'),(167,NULL,'ໂຊະ','short','2024-10-29 09:05:49.543050','2024-10-29 09:05:49.543050',56,'voice'),(168,NULL,'ຊົ','special_case','2024-10-29 09:05:49.563818','2024-10-29 09:05:49.563818',56,'voice'),(169,NULL,'ດາ','normal','2024-10-29 09:05:49.585138','2024-10-29 09:05:49.585138',57,'voice'),(170,NULL,'ດະ','short','2024-10-29 09:05:49.604426','2024-10-29 09:05:49.604426',57,'voice'),(171,NULL,'ດັ','special_case','2024-10-29 09:05:49.629996','2024-10-29 09:05:49.629996',57,'voice'),(172,NULL,'ຈີ','normal','2024-10-29 09:05:49.652842','2024-10-29 09:05:49.652842',58,'voice'),(173,NULL,'ຈິ','short','2024-10-29 09:05:49.671312','2024-10-29 09:05:49.671312',58,'voice'),(174,NULL,'ຈິ','special_case','2024-10-29 09:05:49.690208','2024-10-29 09:05:49.690208',58,'voice'),(175,NULL,'ຊູ','normal','2024-10-29 09:05:49.713117','2024-10-29 09:05:49.713117',59,'voice'),(176,NULL,'ຊຸ','short','2024-10-29 09:05:49.734416','2024-10-29 09:05:49.734416',59,'voice'),(177,NULL,'ຊຸ','special_case','2024-10-29 09:05:49.755762','2024-10-29 09:05:49.755762',59,'voice'),(178,NULL,'ເດ','normal','2024-10-29 09:05:49.778600','2024-10-29 09:05:49.778600',60,'voice'),(179,NULL,'ເດະ','short','2024-10-29 09:05:49.801009','2024-10-29 09:05:49.801009',60,'voice'),(180,NULL,'ເດັ','special_case','2024-10-29 09:05:49.820106','2024-10-29 09:05:49.820106',60,'voice'),(181,NULL,'ໂດ','normal','2024-10-29 09:05:49.839650','2024-10-29 09:05:49.839650',61,'voice'),(182,NULL,'ໂດະ','short','2024-10-29 09:05:49.863088','2024-10-29 09:05:49.863088',61,'voice'),(183,NULL,'ດົ','special_case','2024-10-29 09:05:49.887734','2024-10-29 09:05:49.887734',61,'voice'),(184,NULL,'ບາ','normal','2024-10-29 09:05:49.910076','2024-10-29 09:05:49.910076',62,'voice'),(185,NULL,'ບະ','short','2024-10-29 09:05:49.933226','2024-10-29 09:05:49.933226',62,'voice'),(186,NULL,'ບັ','special_case','2024-10-29 09:05:49.953425','2024-10-29 09:05:49.953425',62,'voice'),(187,NULL,'ບີ','normal','2024-10-29 09:05:49.972114','2024-10-29 09:05:49.972114',63,'voice'),(188,NULL,'ບິ','short','2024-10-29 09:05:49.995228','2024-10-29 09:05:49.995228',63,'voice'),(189,NULL,'ບິ','special_case','2024-10-29 09:05:50.016321','2024-10-29 09:05:50.016321',63,'voice'),(190,NULL,'ບູ','normal','2024-10-29 09:05:50.035300','2024-10-29 09:05:50.035300',64,'voice'),(191,NULL,'ບຸ','short','2024-10-29 09:05:50.054824','2024-10-29 09:05:50.054824',64,'voice'),(192,NULL,'ບຸ','special_case','2024-10-29 09:05:50.074307','2024-10-29 09:05:50.074307',64,'voice'),(193,NULL,'ເບ','normal','2024-10-29 09:05:50.096315','2024-10-29 09:05:50.096315',65,'voice'),(194,NULL,'ເບະ','short','2024-10-29 09:05:50.117559','2024-10-29 09:05:50.117559',65,'voice'),(195,NULL,'ເບັ','special_case','2024-10-29 09:05:50.139531','2024-10-29 09:05:50.139531',65,'voice'),(196,NULL,'ໂບ','normal','2024-10-29 09:05:50.164438','2024-10-29 09:05:50.164438',66,'voice'),(197,NULL,'ໂບະ','short','2024-10-29 09:05:50.188437','2024-10-29 09:05:50.188437',66,'voice'),(198,NULL,'ບົ','special_case','2024-10-29 09:05:50.209762','2024-10-29 09:05:50.209762',66,'voice'),(199,NULL,'ປາ','normal','2024-10-29 09:05:50.232946','2024-10-29 09:05:50.232946',67,'voiceless'),(200,NULL,'ປະ','short','2024-10-29 09:05:50.253140','2024-10-29 09:05:50.253140',67,'voiceless'),(201,NULL,'ປັ','special_case','2024-10-29 09:05:50.272331','2024-10-29 09:05:50.272331',67,'voiceless'),(202,NULL,'ປີ','normal','2024-10-29 09:05:50.296209','2024-10-29 09:05:50.296209',68,'voiceless'),(203,NULL,'ປິ','short','2024-10-29 09:05:50.320712','2024-10-29 09:05:50.320712',68,'voiceless'),(204,NULL,'ປິ','special_case','2024-10-29 09:05:50.347467','2024-10-29 09:05:50.347467',68,'voiceless'),(205,NULL,'ປູ','normal','2024-10-29 09:05:50.367489','2024-10-29 09:05:50.367489',69,'voiceless'),(206,NULL,'ປຸ','short','2024-10-29 09:05:50.388182','2024-10-29 09:05:50.388182',69,'voiceless'),(207,NULL,'ປຸ','special_case','2024-10-29 09:05:50.407747','2024-10-29 09:05:50.407747',69,'voiceless'),(208,NULL,'ເປ','normal','2024-10-29 09:05:50.429179','2024-10-29 09:05:50.429179',70,'voiceless'),(209,NULL,'ເປະ','short','2024-10-29 09:05:50.450497','2024-10-29 09:05:50.450497',70,'voiceless'),(210,NULL,'ເປັ','special_case','2024-10-29 09:05:50.472261','2024-10-29 09:05:50.472261',70,'voiceless'),(211,NULL,'ໂປ','normal','2024-10-29 09:05:50.501020','2024-10-29 09:05:50.501020',71,'voiceless'),(212,NULL,'ໂປະ','short','2024-10-29 09:05:50.524586','2024-10-29 09:05:50.524586',71,'voiceless'),(213,NULL,'ປົ','special_case','2024-10-29 09:05:50.549471','2024-10-29 09:05:50.549471',71,'voiceless'),(214,NULL,'ເຄຍ','normal','2024-10-29 09:05:50.570164','2024-10-29 09:05:50.570164',72,'contracted'),(215,NULL,'ເຄັຍ','short','2024-10-29 09:05:50.590596','2024-10-29 09:05:50.590596',72,'contracted'),(216,NULL,'ເຄັຍ','special_case','2024-10-29 09:05:50.611574','2024-10-29 09:05:50.611574',72,'contracted'),(217,NULL,'ຄີວ','normal','2024-10-29 09:05:50.634533','2024-10-29 09:05:50.634533',73,'contracted'),(218,NULL,'ຄິວ','short','2024-10-29 09:05:50.656060','2024-10-29 09:05:50.656060',73,'contracted'),(219,NULL,'ຄິວ','special_case','2024-10-29 09:05:50.675718','2024-10-29 09:05:50.675718',73,'contracted'),(220,NULL,'ຄຽວ','normal','2024-10-29 09:05:50.699504','2024-10-29 09:05:50.699504',74,'contracted'),(221,NULL,'ຄຽວ','short','2024-10-29 09:05:50.718712','2024-10-29 09:05:50.718712',74,'contracted'),(222,NULL,'ຄຽວ','special_case','2024-10-29 09:05:50.736867','2024-10-29 09:05:50.736867',74,'contracted'),(223,NULL,'ເຊຍ','normal','2024-10-29 09:05:50.757253','2024-10-29 09:05:50.757253',75,'contracted'),(224,NULL,'ເຊັຍ','short','2024-10-29 09:05:50.777413','2024-10-29 09:05:50.777413',75,'contracted'),(225,NULL,'ຊຽ','special_case','2024-10-29 09:05:50.801018','2024-10-29 09:05:50.801018',75,'contracted'),(226,NULL,'ຊີວ','normal','2024-10-29 09:05:50.823031','2024-10-29 09:05:50.823031',76,'contracted'),(227,NULL,'ຊິວ','short','2024-10-29 09:05:50.847309','2024-10-29 09:05:50.847309',76,'contracted'),(228,NULL,'ຊິວ','special_case','2024-10-29 09:05:50.870154','2024-10-29 09:05:50.870154',76,'contracted'),(229,NULL,'ຊຽວ','normal','2024-10-29 09:05:50.892601','2024-10-29 09:05:50.892601',77,'contracted'),(230,NULL,'ຊຽວ','short','2024-10-29 09:05:50.915221','2024-10-29 09:05:50.915221',77,'contracted'),(231,NULL,'ຊຽວ','special_case','2024-10-29 09:05:50.938143','2024-10-29 09:05:50.938143',77,'contracted'),(232,NULL,'ຈາ','normal','2024-10-29 09:05:50.959202','2024-10-29 09:05:50.959202',78,'contracted'),(233,NULL,'ຈະ','short','2024-10-29 09:05:50.982520','2024-10-29 09:05:50.982520',78,'contracted'),(234,NULL,'ຈັ','special_case','2024-10-29 09:05:51.003845','2024-10-29 09:05:51.003845',78,'contracted'),(235,NULL,'ຈູ','normal','2024-10-29 09:05:51.025899','2024-10-29 09:05:51.025899',79,'contracted'),(236,NULL,'ຈຸ','short','2024-10-29 09:05:51.054556','2024-10-29 09:05:51.054556',79,'contracted'),(237,NULL,'ຈຸ','special_case','2024-10-29 09:05:51.078289','2024-10-29 09:05:51.078289',79,'contracted'),(238,NULL,'ໂຈ','normal','2024-10-29 09:05:51.100458','2024-10-29 09:05:51.100458',80,'contracted'),(239,NULL,'ໂຈະ','short','2024-10-29 09:05:51.121630','2024-10-29 09:05:51.121630',80,'contracted'),(240,NULL,'ຈົ','special_case','2024-10-29 09:05:51.140162','2024-10-29 09:05:51.140162',80,'contracted'),(241,NULL,'ຍາ','normal','2024-10-29 09:05:51.161767','2024-10-29 09:05:51.161767',81,'contracted'),(242,NULL,'ຍະ','short','2024-10-29 09:05:51.184017','2024-10-29 09:05:51.184017',81,'contracted'),(243,NULL,'ຍັ','special_case','2024-10-29 09:05:51.205962','2024-10-29 09:05:51.205962',81,'contracted'),(244,NULL,'ຍູ','normal','2024-10-29 09:05:51.230139','2024-10-29 09:05:51.230139',82,'contracted'),(245,NULL,'ຍຸ','short','2024-10-29 09:05:51.253860','2024-10-29 09:05:51.253860',82,'contracted'),(246,NULL,'ຍຸ','special_case','2024-10-29 09:05:51.272844','2024-10-29 09:05:51.272844',82,'contracted'),(247,NULL,'ໂຍ','normal','2024-10-29 09:05:51.297320','2024-10-29 09:05:51.297320',83,'contracted'),(248,NULL,'ໂຍະ','short','2024-10-29 09:05:51.319789','2024-10-29 09:05:51.319789',83,'contracted'),(249,NULL,'ຍົ','special_case','2024-10-29 09:05:51.338892','2024-10-29 09:05:51.338892',83,'contracted'),(250,NULL,'ເຮຍ','normal','2024-10-29 09:05:51.361113','2024-10-29 09:05:51.361113',84,'contracted'),(251,NULL,'ເຮັຍ','short','2024-10-29 09:05:51.380528','2024-10-29 09:05:51.380528',84,'contracted'),(252,NULL,'ຮຽ','special_case','2024-10-29 09:05:51.403633','2024-10-29 09:05:51.403633',84,'contracted'),(253,NULL,'ຮີວ','normal','2024-10-29 09:05:51.423065','2024-10-29 09:05:51.423065',85,'contracted'),(254,NULL,'ຮິວ','short','2024-10-29 09:05:51.442732','2024-10-29 09:05:51.442732',85,'contracted'),(255,NULL,'ຮິວ','special_case','2024-10-29 09:05:51.462890','2024-10-29 09:05:51.462890',85,'contracted'),(256,NULL,'ຮຽວ','normal','2024-10-29 09:05:51.485065','2024-10-29 09:05:51.485065',86,'contracted'),(257,NULL,'ຮຽວ','short','2024-10-29 09:05:51.507414','2024-10-29 09:05:51.507414',86,'contracted'),(258,NULL,'ຮຽວ','special_case','2024-10-29 09:05:51.536592','2024-10-29 09:05:51.536592',86,'contracted'),(259,NULL,'ເມຍ','normal','2024-10-29 09:05:51.561105','2024-10-29 09:05:51.561105',87,'contracted'),(260,NULL,'ເມັຍ','short','2024-10-29 09:05:51.582873','2024-10-29 09:05:51.582873',87,'contracted'),(261,NULL,'ມຽ','special_case','2024-10-29 09:05:51.602689','2024-10-29 09:05:51.602689',87,'contracted'),(262,NULL,'ມີວ','normal','2024-10-29 09:05:51.624182','2024-10-29 09:05:51.624182',88,'contracted'),(263,NULL,'ມິວ','short','2024-10-29 09:05:51.646766','2024-10-29 09:05:51.646766',88,'contracted'),(264,NULL,'ມິວ','special_case','2024-10-29 09:05:51.667853','2024-10-29 09:05:51.667853',88,'contracted'),(265,NULL,'ມຽວ','normal','2024-10-29 09:05:51.689863','2024-10-29 09:05:51.689863',89,'contracted'),(266,NULL,'ມຽວ','short','2024-10-29 09:05:51.709336','2024-10-29 09:05:51.709336',89,'contracted'),(267,NULL,'ມຽວ','special_case','2024-10-29 09:05:51.731865','2024-10-29 09:05:51.731865',89,'contracted'),(268,NULL,'ເຣຍ','normal','2024-10-29 09:05:51.754250','2024-10-29 09:05:51.754250',90,'contracted'),(269,NULL,'ເຣັຍ','short','2024-10-29 09:05:51.773520','2024-10-29 09:05:51.773520',90,'contracted'),(270,NULL,'ຣຽ','special_case','2024-10-29 09:05:51.799645','2024-10-29 09:05:51.799645',90,'contracted'),(271,NULL,'ຣີວ','normal','2024-10-29 09:05:51.821595','2024-10-29 09:05:51.821595',91,'contracted'),(272,NULL,'ຣິວ','short','2024-10-29 09:05:51.840495','2024-10-29 09:05:51.840495',91,'contracted'),(273,NULL,'ຣິວ','special_case','2024-10-29 09:05:51.864170','2024-10-29 09:05:51.864170',91,'contracted'),(274,NULL,'ຣຽວ','normal','2024-10-29 09:05:51.885184','2024-10-29 09:05:51.885184',92,'contracted'),(275,NULL,'ຣຽວ','short','2024-10-29 09:05:51.905454','2024-10-29 09:05:51.905454',92,'contracted'),(276,NULL,'ຣຽວ','special_case','2024-10-29 09:05:51.927586','2024-10-29 09:05:51.927586',92,'contracted'),(277,NULL,'ເກຍ','normal','2024-10-29 09:05:51.952379','2024-10-29 09:05:51.952379',93,'voice_contracted'),(278,NULL,'ເກັຍ','short','2024-10-29 09:05:51.972111','2024-10-29 09:05:51.972111',93,'voice_contracted'),(279,NULL,'ກຽ','special_case','2024-10-29 09:05:51.990650','2024-10-29 09:05:51.990650',93,'voice_contracted'),(280,NULL,'ກີວ','normal','2024-10-29 09:05:52.012904','2024-10-29 09:05:52.012904',94,'voice_contracted'),(281,NULL,'ກິວ','short','2024-10-29 09:05:52.033621','2024-10-29 09:05:52.033621',94,'voice_contracted'),(282,NULL,'ກິວ','special_case','2024-10-29 09:05:52.060263','2024-10-29 09:05:52.060263',94,'voice_contracted'),(283,NULL,'ກຽວ','normal','2024-10-29 09:05:52.082160','2024-10-29 09:05:52.082160',95,'voice_contracted'),(284,NULL,'ກຽວ','short','2024-10-29 09:05:52.102902','2024-10-29 09:05:52.102902',95,'voice_contracted'),(285,NULL,'ກຽວ','special_case','2024-10-29 09:05:52.123118','2024-10-29 09:05:52.123118',95,'voice_contracted'),(286,NULL,'ຈາ','normal','2024-10-29 09:05:52.146977','2024-10-29 09:05:52.146977',96,'voice_contracted'),(287,NULL,'ຈະ','short','2024-10-29 09:05:52.170039','2024-10-29 09:05:52.170039',96,'voice_contracted'),(288,NULL,'ຈັ','special_case','2024-10-29 09:05:52.190974','2024-10-29 09:05:52.190974',96,'voice_contracted'),(289,NULL,'ເບຍ','normal','2024-10-29 09:05:52.238140','2024-10-29 09:05:52.238140',102,'voice_contracted'),(290,NULL,'ເບັຍ','short','2024-10-29 09:05:52.264482','2024-10-29 09:05:52.264482',102,'voice_contracted'),(291,NULL,'ບຽ','special_case','2024-10-29 09:05:52.290002','2024-10-29 09:05:52.290002',102,'voice_contracted'),(292,NULL,'ບິວ','normal','2024-10-29 09:05:52.314821','2024-10-29 09:05:52.314821',103,'voice_contracted'),(293,NULL,'ບິວ','short','2024-10-29 09:05:52.339264','2024-10-29 09:05:52.339264',103,'voice_contracted'),(294,NULL,'ບິວ','special_case','2024-10-29 09:05:52.365593','2024-10-29 09:05:52.365593',103,'voice_contracted'),(295,NULL,'ບຽວ','normal','2024-10-29 09:05:52.388321','2024-10-29 09:05:52.388321',104,'voice_contracted'),(296,NULL,'ບຽວ','short','2024-10-29 09:05:52.411691','2024-10-29 09:05:52.411691',104,'voice_contracted'),(297,NULL,'ບຽວ','special_case','2024-10-29 09:05:52.434131','2024-10-29 09:05:52.434131',104,'voice_contracted'),(298,NULL,'ເປຍ','normal','2024-10-29 09:05:52.457432','2024-10-29 09:05:52.457432',105,'voiceless_contracted'),(299,NULL,'ເປັຍ','short','2024-10-29 09:05:52.482304','2024-10-29 09:05:52.482304',105,'voiceless_contracted'),(300,NULL,'ປຽ','special_case','2024-10-29 09:05:52.503234','2024-10-29 09:05:52.503234',105,'voiceless_contracted'),(301,NULL,'ປີວ','normal','2024-10-29 09:05:52.523930','2024-10-29 09:05:52.523930',106,'voiceless_contracted'),(302,NULL,'ປິວ','short','2024-10-29 09:05:52.547219','2024-10-29 09:05:52.547219',106,'voiceless_contracted'),(303,NULL,'ປິວ','special_case','2024-10-29 09:05:52.569676','2024-10-29 09:05:52.569676',106,'voiceless_contracted'),(304,NULL,'ປຽວ','normal','2024-10-29 09:05:52.595924','2024-10-29 09:05:52.595924',107,'voiceless_contracted'),(305,NULL,'ປຽວ','short','2024-10-29 09:05:52.619507','2024-10-29 09:05:52.619507',107,'voiceless_contracted'),(306,NULL,'ປຽວ','special_case','2024-10-29 09:05:52.638295','2024-10-29 09:05:52.638295',107,'voiceless_contracted');
/*!40000 ALTER TABLE `hiragana_laos` ENABLE KEYS */;
UNLOCK TABLES;

--
-- Table structure for table `hiraganas`
--

DROP TABLE IF EXISTS `hiraganas`;
/*!40101 SET @saved_cs_client     = @@character_set_client */;
/*!50503 SET character_set_client = utf8mb4 */;
CREATE TABLE `hiraganas` (
  `id` bigint NOT NULL AUTO_INCREMENT,
  `character` varchar(255) NOT NULL,
  `created_at` datetime(6) NOT NULL,
  `updated_at` datetime(6) NOT NULL,
  `romaji` varchar(255) DEFAULT NULL,
  `kana_type` varchar(255) DEFAULT NULL,
  PRIMARY KEY (`id`)
) ENGINE=InnoDB AUTO_INCREMENT=108 DEFAULT CHARSET=utf8mb4 COLLATE=utf8mb4_0900_ai_ci;
/*!40101 SET character_set_client = @saved_cs_client */;

--
-- Dumping data for table `hiraganas`
--

LOCK TABLES `hiraganas` WRITE;
/*!40000 ALTER TABLE `hiraganas` DISABLE KEYS */;
INSERT INTO `hiraganas` VALUES (1,'あ','2024-10-29 09:05:43.948410','2024-10-29 09:05:43.948410','a','general'),(2,'い','2024-10-29 09:05:43.968907','2024-10-29 09:05:43.968907','i','general'),(3,'う','2024-10-29 09:05:43.983969','2024-10-29 09:05:43.983969','u','general'),(4,'え','2024-10-29 09:05:43.997623','2024-10-29 09:05:43.997623','e','general'),(5,'お','2024-10-29 09:05:44.012594','2024-10-29 09:05:44.012594','o','general'),(6,'か','2024-10-29 09:05:44.026781','2024-10-29 09:05:44.026781','a','general'),(7,'き','2024-10-29 09:05:44.045390','2024-10-29 09:05:44.045390','i','general'),(8,'く','2024-10-29 09:05:44.068292','2024-10-29 09:05:44.068292','u','general'),(9,'け','2024-10-29 09:05:44.085895','2024-10-29 09:05:44.085895','e','general'),(10,'こ','2024-10-29 09:05:44.102190','2024-10-29 09:05:44.102190','o','general'),(11,'さ','2024-10-29 09:05:44.117303','2024-10-29 09:05:44.117303','a','general'),(12,'し','2024-10-29 09:05:44.133787','2024-10-29 09:05:44.133787','i','general'),(13,'す','2024-10-29 09:05:44.147001','2024-10-29 09:05:44.147001','u','general'),(14,'せ','2024-10-29 09:05:44.166031','2024-10-29 09:05:44.166031','e','general'),(15,'そ','2024-10-29 09:05:44.186144','2024-10-29 09:05:44.186144','o','general'),(16,'た','2024-10-29 09:05:44.208216','2024-10-29 09:05:44.208216','a','general'),(17,'ち','2024-10-29 09:05:44.227309','2024-10-29 09:05:44.227309','i','general'),(18,'つ','2024-10-29 09:05:44.246773','2024-10-29 09:05:44.246773','u','general'),(19,'て','2024-10-29 09:05:44.263485','2024-10-29 09:05:44.263485','e','general'),(20,'と','2024-10-29 09:05:44.281736','2024-10-29 09:05:44.281736','o','general'),(21,'な','2024-10-29 09:05:44.298095','2024-10-29 09:05:44.298095','a','general'),(22,'に','2024-10-29 09:05:44.316816','2024-10-29 09:05:44.316816','i','general'),(23,'ぬ','2024-10-29 09:05:44.334912','2024-10-29 09:05:44.334912','u','general'),(24,'ね','2024-10-29 09:05:44.353439','2024-10-29 09:05:44.353439','e','general'),(25,'の','2024-10-29 09:05:44.371921','2024-10-29 09:05:44.371921','o','general'),(26,'は','2024-10-29 09:05:44.386061','2024-10-29 09:05:44.386061','a','general'),(27,'ひ','2024-10-29 09:05:44.401673','2024-10-29 09:05:44.401673','i','general'),(28,'ふ','2024-10-29 09:05:44.417250','2024-10-29 09:05:44.417250','u','general'),(29,'へ','2024-10-29 09:05:44.433910','2024-10-29 09:05:44.433910','e','general'),(30,'ほ','2024-10-29 09:05:44.449972','2024-10-29 09:05:44.449972','o','general'),(31,'ま','2024-10-29 09:05:44.467450','2024-10-29 09:05:44.467450','a','general'),(32,'み','2024-10-29 09:05:44.483548','2024-10-29 09:05:44.483548','i','general'),(33,'む','2024-10-29 09:05:44.499985','2024-10-29 09:05:44.499985','u','general'),(34,'め','2024-10-29 09:05:44.514976','2024-10-29 09:05:44.514976','e','general'),(35,'も','2024-10-29 09:05:44.530418','2024-10-29 09:05:44.530418','o','general'),(36,'や','2024-10-29 09:05:44.547891','2024-10-29 09:05:44.547891','a','general'),(37,'ゆ','2024-10-29 09:05:44.568322','2024-10-29 09:05:44.568322','u','general'),(38,'よ','2024-10-29 09:05:44.586224','2024-10-29 09:05:44.586224','o','general'),(39,'ら','2024-10-29 09:05:44.606332','2024-10-29 09:05:44.606332','a','general'),(40,'り','2024-10-29 09:05:44.623953','2024-10-29 09:05:44.623953','i','general'),(41,'る','2024-10-29 09:05:44.645400','2024-10-29 09:05:44.645400','u','general'),(42,'れ','2024-10-29 09:05:44.661014','2024-10-29 09:05:44.661014','e','general'),(43,'ろ','2024-10-29 09:05:44.676991','2024-10-29 09:05:44.676991','o','general'),(44,'わ','2024-10-29 09:05:44.696389','2024-10-29 09:05:44.696389','a','general'),(45,'を','2024-10-29 09:05:44.713947','2024-10-29 09:05:44.713947','o','general'),(46,'ん','2024-10-29 09:05:44.728219','2024-10-29 09:05:44.728219','n','general'),(47,'が','2024-10-29 09:05:44.746448','2024-10-29 09:05:44.746448','a','voice'),(48,'ぎ','2024-10-29 09:05:44.764992','2024-10-29 09:05:44.764992','i','voice'),(49,'ぐ','2024-10-29 09:05:44.781077','2024-10-29 09:05:44.781077','u','voice'),(50,'げ','2024-10-29 09:05:44.796952','2024-10-29 09:05:44.796952','e','voice'),(51,'ご','2024-10-29 09:05:44.814146','2024-10-29 09:05:44.814146','o','voice'),(52,'ざ','2024-10-29 09:05:44.828351','2024-10-29 09:05:44.828351','a','voice'),(53,'じ','2024-10-29 09:05:44.843956','2024-10-29 09:05:44.843956','i','voice'),(54,'ず','2024-10-29 09:05:44.859776','2024-10-29 09:05:44.859776','u','voice'),(55,'ぜ','2024-10-29 09:05:44.881439','2024-10-29 09:05:44.881439','e','voice'),(56,'ぞ','2024-10-29 09:05:44.897389','2024-10-29 09:05:44.897389','o','voice'),(57,'だ','2024-10-29 09:05:44.914133','2024-10-29 09:05:44.914133','a','voice'),(58,'ぢ','2024-10-29 09:05:44.931177','2024-10-29 09:05:44.931177','i','voice'),(59,'づ','2024-10-29 09:05:44.950266','2024-10-29 09:05:44.950266','u','voice'),(60,'で','2024-10-29 09:05:44.967130','2024-10-29 09:05:44.967130','e','voice'),(61,'ど','2024-10-29 09:05:44.981824','2024-10-29 09:05:44.981824','o','voice'),(62,'ば','2024-10-29 09:05:44.997289','2024-10-29 09:05:44.997289','a','voice'),(63,'び','2024-10-29 09:05:45.012280','2024-10-29 09:05:45.012280','i','voice'),(64,'ぶ','2024-10-29 09:05:45.027231','2024-10-29 09:05:45.027231','u','voice'),(65,'べ','2024-10-29 09:05:45.048452','2024-10-29 09:05:45.048452','e','voice'),(66,'ぼ','2024-10-29 09:05:45.070630','2024-10-29 09:05:45.070630','o','voice'),(67,'ぱ','2024-10-29 09:05:45.087022','2024-10-29 09:05:45.087022','a','voiceless'),(68,'ぴ','2024-10-29 09:05:45.108033','2024-10-29 09:05:45.108033','i','voiceless'),(69,'ぷ','2024-10-29 09:05:45.128892','2024-10-29 09:05:45.128892','u','voiceless'),(70,'ぺ','2024-10-29 09:05:45.145800','2024-10-29 09:05:45.145800','e','voiceless'),(71,'ぽ','2024-10-29 09:05:45.160613','2024-10-29 09:05:45.160613','o','voiceless'),(72,'きゃ','2024-10-29 09:05:45.177026','2024-10-29 09:05:45.177026','a','contracted'),(73,'きゅ','2024-10-29 09:05:45.192540','2024-10-29 09:05:45.192540','u','contracted'),(74,'きょ','2024-10-29 09:05:45.210772','2024-10-29 09:05:45.210772','o','contracted'),(75,'しゃ','2024-10-29 09:05:45.229074','2024-10-29 09:05:45.229074','a','contracted'),(76,'しゅ','2024-10-29 09:05:45.244431','2024-10-29 09:05:45.244431','u','contracted'),(77,'しょ','2024-10-29 09:05:45.261871','2024-10-29 09:05:45.261871','o','contracted'),(78,'ちゃ','2024-10-29 09:05:45.277257','2024-10-29 09:05:45.277257','a','contracted'),(79,'ちゅ','2024-10-29 09:05:45.293859','2024-10-29 09:05:45.293859','u','contracted'),(80,'ちょ','2024-10-29 09:05:45.311907','2024-10-29 09:05:45.311907','o','contracted'),(81,'にゃ','2024-10-29 09:05:45.329912','2024-10-29 09:05:45.329912','a','contracted'),(82,'にゅ','2024-10-29 09:05:45.346159','2024-10-29 09:05:45.346159','u','contracted'),(83,'にょ','2024-10-29 09:05:45.365098','2024-10-29 09:05:45.365098','o','contracted'),(84,'ひゃ','2024-10-29 09:05:45.386149','2024-10-29 09:05:45.386149','a','contracted'),(85,'ひゅ','2024-10-29 09:05:45.404790','2024-10-29 09:05:45.404790','u','contracted'),(86,'ひょ','2024-10-29 09:05:45.422611','2024-10-29 09:05:45.422611','o','contracted'),(87,'みゃ','2024-10-29 09:05:45.441496','2024-10-29 09:05:45.441496','a','contracted'),(88,'みゅ','2024-10-29 09:05:45.461605','2024-10-29 09:05:45.461605','u','contracted'),(89,'みょ','2024-10-29 09:05:45.479121','2024-10-29 09:05:45.479121','o','contracted'),(90,'りゃ','2024-10-29 09:05:45.497164','2024-10-29 09:05:45.497164','a','contracted'),(91,'りゅ','2024-10-29 09:05:45.513263','2024-10-29 09:05:45.513263','u','contracted'),(92,'りょ','2024-10-29 09:05:45.528209','2024-10-29 09:05:45.528209','o','contracted'),(93,'ぎゃ','2024-10-29 09:05:45.543049','2024-10-29 09:05:45.543049','a','voice_contracted'),(94,'ぎゅ','2024-10-29 09:05:45.557484','2024-10-29 09:05:45.557484','u','voice_contracted'),(95,'ぎょ','2024-10-29 09:05:45.574142','2024-10-29 09:05:45.574142','o','voice_contracted'),(96,'じゃ','2024-10-29 09:05:45.590645','2024-10-29 09:05:45.590645','a','voice_contracted'),(97,'じゅ','2024-10-29 09:05:45.608155','2024-10-29 09:05:45.608155','u','voice_contracted'),(98,'じょ','2024-10-29 09:05:45.626361','2024-10-29 09:05:45.626361','o','voice_contracted'),(99,'ぢゃ','2024-10-29 09:05:45.646770','2024-10-29 09:05:45.646770','a','voice_contracted'),(100,'ぢゅ','2024-10-29 09:05:45.664699','2024-10-29 09:05:45.664699','u','voice_contracted'),(101,'ぢょ','2024-10-29 09:05:45.681755','2024-10-29 09:05:45.681755','o','voice_contracted'),(102,'びゃ','2024-10-29 09:05:45.697098','2024-10-29 09:05:45.697098','a','voice_contracted'),(103,'びゅ','2024-10-29 09:05:45.714806','2024-10-29 09:05:45.714806','u','voice_contracted'),(104,'びょ','2024-10-29 09:05:45.744166','2024-10-29 09:05:45.744166','o','voice_contracted'),(105,'ぴゃ','2024-10-29 09:05:45.769640','2024-10-29 09:05:45.769640','a','voiceless_contracted'),(106,'ぴゅ','2024-10-29 09:05:45.789711','2024-10-29 09:05:45.789711','u','voiceless_contracted'),(107,'ぴょ','2024-10-29 09:05:45.806718','2024-10-29 09:05:45.806718','o','voiceless_contracted');
/*!40000 ALTER TABLE `hiraganas` ENABLE KEYS */;
UNLOCK TABLES;

--
-- Table structure for table `schema_migrations`
--

DROP TABLE IF EXISTS `schema_migrations`;
/*!40101 SET @saved_cs_client     = @@character_set_client */;
/*!50503 SET character_set_client = utf8mb4 */;
CREATE TABLE `schema_migrations` (
  `version` varchar(255) NOT NULL,
  PRIMARY KEY (`version`)
) ENGINE=InnoDB DEFAULT CHARSET=utf8mb4 COLLATE=utf8mb4_0900_ai_ci;
/*!40101 SET character_set_client = @saved_cs_client */;

--
-- Dumping data for table `schema_migrations`
--

LOCK TABLES `schema_migrations` WRITE;
/*!40000 ALTER TABLE `schema_migrations` DISABLE KEYS */;
INSERT INTO `schema_migrations` VALUES ('20241025082708'),('20241026162744'),('20241026165109'),('20241026175600'),('20241027021712'),('20241027030305'),('20241027102549'),('20241027141844'),('20241027142307'),('20241027151036'),('20241027151044'),('20241027164201'),('20241027171146'),('20241027173154'),('20241028043419'),('20241028064213'),('20241028150451');
/*!40000 ALTER TABLE `schema_migrations` ENABLE KEYS */;
UNLOCK TABLES;

--
-- Table structure for table `users`
--

DROP TABLE IF EXISTS `users`;
/*!40101 SET @saved_cs_client     = @@character_set_client */;
/*!50503 SET character_set_client = utf8mb4 */;
CREATE TABLE `users` (
  `id` bigint NOT NULL AUTO_INCREMENT,
  `email` varchar(255) NOT NULL,
  `crypted_password` varchar(255) DEFAULT NULL,
  `salt` varchar(255) DEFAULT NULL,
  `nickname` varchar(255) NOT NULL,
  `created_at` datetime(6) NOT NULL,
  `updated_at` datetime(6) NOT NULL,
  PRIMARY KEY (`id`),
  UNIQUE KEY `index_users_on_email` (`email`)
) ENGINE=InnoDB DEFAULT CHARSET=utf8mb4 COLLATE=utf8mb4_0900_ai_ci;
/*!40101 SET character_set_client = @saved_cs_client */;

--
-- Dumping data for table `users`
--

LOCK TABLES `users` WRITE;
/*!40000 ALTER TABLE `users` DISABLE KEYS */;
/*!40000 ALTER TABLE `users` ENABLE KEYS */;
UNLOCK TABLES;
/*!40103 SET TIME_ZONE=@OLD_TIME_ZONE */;

/*!40101 SET SQL_MODE=@OLD_SQL_MODE */;
/*!40014 SET FOREIGN_KEY_CHECKS=@OLD_FOREIGN_KEY_CHECKS */;
/*!40014 SET UNIQUE_CHECKS=@OLD_UNIQUE_CHECKS */;
/*!40101 SET CHARACTER_SET_CLIENT=@OLD_CHARACTER_SET_CLIENT */;
/*!40101 SET CHARACTER_SET_RESULTS=@OLD_CHARACTER_SET_RESULTS */;
/*!40101 SET COLLATION_CONNECTION=@OLD_COLLATION_CONNECTION */;
/*!40111 SET SQL_NOTES=@OLD_SQL_NOTES */;

-- Dump completed on 2024-10-29 19:04:41
